<?xml version="1.0"?>
<skin version="1.1" name="Minima" author="LongTail Video">

	<components>
		<component name="controlbar">
			<settings>
				<setting name="margin" value="10" />
			</settings>

			<layout>
				<group position="left">
					<button name="play" />
				</group>
				<group position="center">
					<slider name="time" />
				</group>
				<group position="right">
					<button name="mute" />
				</group>
			</layout>

			<elements>
				<element name="capLeft" src="capLeft.png" />
				<element name="capRight" src="capRight.png" />
				<element name="background" src="background.png" />
				<element name="playButton" src="playButton.png" />
				<element name="pauseButton" src="pauseButton.png" />
				<element name="timeSliderRail" src="timeSliderRail.png" />
				<element name="timeSliderBuffer" src="timeSliderBuffer.png" />
				<element name="timeSliderProgress" src="timeSliderProgress.png" />
				<element name="timeSliderThumb" src="timeSliderThumb.png" />
				<element name="muteButton" src="muteButton.png" />
				<element name="unmuteButton" src="unmuteButton.png" />
			</elements>
		</component>

		<component name="display">
			<settings>
				<setting name="bufferinterval" value="250" />
				<setting name="bufferrotation" value="90" />
				<setting name="backgroundcolor" value="0x000000" />
			</settings>
			<elements>
				<element name="background" src="back.png" />
				<element name="playIcon" src="play.png" />
				<element name="bufferIcon" src="buffer.png" />
			</elements>
		</component>

		<component name="dock">
			<settings>
				<setting name="fontcolor" value="0xFFFFFF" />
			</settings>
			<elements>
				<element name="button" src="button.png" />
			</elements>
		</component>


		<component name="playlist">
			<settings>
				<setting name="fontcolor" value="0x444444" />
				<setting name="activecolor" value="0x000000" />
				<setting name="overcolor" value="0x000000" />
				<setting name="backgroundcolor" value="0xFFFFFF" />
				<setting name="thumbs" value="false" />
			</settings>
			<elements>
				<element name="item" src="item.png" />
				<element name="itemActive" src="itemActive.png" />
				<element name="sliderCapBottom" src="sliderCap.png" />
				<element name="sliderCapTop" src="sliderCap.png" />
				<element name="sliderRail" src="sliderRail.png" />
				<element name="sliderThumb" src="sliderThumb.png" />
			</elements>
		</component>

	</components>

</skin>